name,value,section
ITT est Hagger,0.0378722310250801,NA
ITT lo Hagger,-0.0795343548780083,NA
ITT hi Hagger,0.155278816928169,NA
IV est Hagger,0.0566250940521523,NA
IV lo Hagger,-0.0862271497711563,NA
IV hi Hagger,0.199477337875461,NA
IV est fatigue Hagger,0.0628735049511485,NA
IV lo fatigue Hagger,-0.253823499462674,NA
IV hi fatigue Hagger,0.37957050936497,NA
